statistics,Mean,Median,Range,Std,,statistics,Mean,Median,Range,Std
feature_1,1.206474808,1.3486,3.345818,0.588236834,,feature_1,1.21,1.35,3.35,0.59
feature_2,1.202361131,1.3295,3.338058,0.587128935,,feature_2,1.2,1.33,3.34,0.59
feature_3,1.199510418,1.3316,3.313953,0.58588006,,feature_3,1.2,1.33,3.31,0.59
feature_4,1.196978509,1.3233,3.337115,0.586329006,,feature_4,1.2,1.32,3.34,0.59
feature_5,1.189087236,1.3198,3.343641,0.580951042,,feature_5,1.19,1.32,3.34,0.58
feature_6,1.188905035,1.321,3.272805,0.581816297,,feature_6,1.19,1.32,3.27,0.58
feature_7,1.18502805,1.3085,3.320597,0.580339368,,feature_7,1.19,1.31,3.32,0.58
feature_8,1.179817008,1.3002,3.400506,0.576912823,,feature_8,1.18,1.3,3.4,0.58
feature_9,1.170784629,1.2852,3.2926165,0.569693749,,feature_9,1.17,1.29,3.29,0.57
feature_10,1.163844107,1.2727,3.395991,0.565146194,,feature_10,1.16,1.27,3.4,0.57
feature_11,1.157690737,1.2664,3.4700757,0.56105877,,feature_11,1.16,1.27,3.47,0.56
feature_12,1.151475204,1.2677,3.5314835,0.557035845,,feature_12,1.15,1.27,3.53,0.56
feature_13,1.14811047,1.2586,3.3936603,0.554658045,,feature_13,1.15,1.26,3.39,0.55
feature_14,1.145224281,1.2525,3.5993897,0.554283513,,feature_14,1.15,1.25,3.6,0.55
feature_15,1.144279467,1.2488,3.6254142,0.555288024,,feature_15,1.14,1.25,3.63,0.56
feature_16,1.143420384,1.2405,3.701317,0.556812058,,feature_16,1.14,1.24,3.7,0.56
feature_17,1.141057679,1.2413,3.617077,0.554898414,,feature_17,1.14,1.24,3.62,0.55
feature_18,1.139385116,1.2233,3.717958,0.556241965,,feature_18,1.14,1.22,3.72,0.56
feature_19,1.136893322,1.2184,3.6162798,0.554902047,,feature_19,1.14,1.22,3.62,0.55
feature_20,1.132566528,1.2113,3.5342647,0.552117364,,feature_20,1.13,1.21,3.53,0.55
feature_21,1.128360648,1.2076,3.3718795,0.549138701,,feature_21,1.13,1.21,3.37,0.55
feature_22,1.121312342,1.1935,3.2746865,0.544402475,,feature_22,1.12,1.19,3.27,0.54
feature_23,1.116302572,1.192,3.3438233,0.542127283,,feature_23,1.12,1.19,3.34,0.54
feature_24,1.113097687,1.1896,3.237489,0.539993792,,feature_24,1.11,1.19,3.24,0.54
feature_25,1.110211508,1.1854,3.0409119,0.538869582,,feature_25,1.11,1.19,3.04,0.54
feature_26,1.107603023,1.1806,3.0469135,0.537938822,,feature_26,1.11,1.18,3.05,0.54
feature_27,1.106043271,1.1735,2.994063,0.538448559,,feature_27,1.11,1.17,2.99,0.54
feature_28,1.100515853,1.1696,3.011234,0.535708654,,feature_28,1.1,1.17,3.01,0.54
feature_29,1.098771032,1.1657,2.949724,0.536118326,,feature_29,1.1,1.17,2.95,0.54
feature_30,1.097828917,1.1537,2.899726,0.536189978,,feature_30,1.1,1.15,2.9,0.54
feature_31,1.096431298,1.1509,2.879318,0.535919388,,feature_31,1.1,1.15,2.88,0.54
feature_32,1.09359105,1.1437,2.825678,0.535509687,,feature_32,1.09,1.14,2.83,0.54
feature_33,1.092532284,1.1385,2.796547,0.536844531,,feature_33,1.09,1.14,2.8,0.54
feature_34,1.091500687,1.1358,2.687501,0.537344324,,feature_34,1.09,1.14,2.69,0.54
feature_35,1.086062303,1.1326,2.688734,0.533689784,,feature_35,1.09,1.13,2.69,0.53
feature_36,1.083250996,1.1239,2.7018579,0.532393,,feature_36,1.08,1.12,2.7,0.53
feature_37,1.079034307,1.117,2.6687684,0.530671002,,feature_37,1.08,1.12,2.67,0.53
feature_38,1.079845313,1.1217,2.68176033,0.533231636,,feature_38,1.08,1.12,2.68,0.53
feature_39,1.077797537,1.1166,2.6140399,0.533283938,,feature_39,1.08,1.12,2.61,0.53
feature_40,1.075676348,1.1006,2.6089159,0.534110639,,feature_40,1.08,1.1,2.61,0.53
feature_41,1.073452055,1.1083,2.5945819,0.532865884,,feature_41,1.07,1.11,2.59,0.53
feature_42,1.069888382,1.0916,2.6109722,0.53089172,,feature_42,1.07,1.09,2.61,0.53
feature_43,1.066079427,1.0923,2.576771,0.528212651,,feature_43,1.07,1.09,2.58,0.53
feature_44,1.062503817,1.0898,2.597694,0.525774694,,feature_44,1.06,1.09,2.6,0.53
feature_45,1.060318709,1.0884,2.624831,0.524839746,,feature_45,1.06,1.09,2.62,0.52
feature_46,1.057021238,1.079,2.61234,0.522724688,,feature_46,1.06,1.08,2.61,0.52
feature_47,1.053037347,1.0748,2.603716,0.519376057,,feature_47,1.05,1.07,2.6,0.52
feature_48,1.050534178,1.0789,2.625663,0.517587659,,feature_48,1.05,1.08,2.63,0.52
feature_49,1.048961971,1.0734,2.62022,0.516665958,,feature_49,1.05,1.07,2.62,0.52
feature_50,1.048014165,1.0796,2.595175,0.516536538,,feature_50,1.05,1.08,2.6,0.52
feature_51,1.047157319,1.0822,2.604006,0.515826253,,feature_51,1.05,1.08,2.6,0.52
feature_52,1.047181476,1.0813,2.599618,0.516288063,,feature_52,1.05,1.08,2.6,0.52
feature_53,1.045009027,1.0881,2.578448,0.514820195,,feature_53,1.05,1.09,2.58,0.51
feature_54,1.04567489,1.0827,2.578223,0.515825391,,feature_54,1.05,1.08,2.58,0.52
feature_55,1.045479531,1.0757,2.539708,0.515715673,,feature_55,1.05,1.08,2.54,0.52
feature_56,1.044373989,1.0771,2.562653,0.514850195,,feature_56,1.04,1.08,2.56,0.51
feature_57,1.046513706,1.0757,2.5332,0.51685722,,feature_57,1.05,1.08,2.53,0.52
feature_58,1.046475867,1.0718,2.540213,0.516372676,,feature_58,1.05,1.07,2.54,0.52
feature_59,1.045167242,1.0761,2.526874,0.514317327,,feature_59,1.05,1.08,2.53,0.51
feature_60,1.04307787,1.0687,2.53564,0.512303741,,feature_60,1.04,1.07,2.54,0.51
feature_61,1.04372481,1.0654,2.515753,0.51221069,,feature_61,1.04,1.07,2.52,0.51
feature_62,1.040963639,1.0672,2.543839,0.508291863,,feature_62,1.04,1.07,2.54,0.51
feature_63,1.041842276,1.07,2.570235,0.508120981,,feature_63,1.04,1.07,2.57,0.51
feature_64,1.042613378,1.0686,2.578408,0.508192427,,feature_64,1.04,1.07,2.58,0.51
feature_65,1.051021034,1.0725,2.581274,0.516281368,,feature_65,1.05,1.07,2.58,0.52
feature_66,1.055080481,1.0793,2.558441,0.518837639,,feature_66,1.06,1.08,2.56,0.52
feature_67,1.0574326,1.0792,2.553475,0.519307666,,feature_67,1.06,1.08,2.55,0.52
feature_68,1.061156664,1.0792,2.554433,0.520942152,,feature_68,1.06,1.08,2.55,0.52
feature_69,1.063885387,1.0818,2.534611,0.520776633,,feature_69,1.06,1.08,2.53,0.52
feature_70,1.067676885,1.0849,2.550719,0.52210546,,feature_70,1.07,1.08,2.55,0.52
feature_71,1.071067284,1.0878,2.531316,0.522422658,,feature_71,1.07,1.09,2.53,0.52
feature_72,1.07540835,1.0939,2.546229,0.524034339,,feature_72,1.08,1.09,2.55,0.52
feature_73,1.079945506,1.1011,2.616544,0.525618679,,feature_73,1.08,1.1,2.62,0.53
feature_74,1.083677541,1.1061,2.648264,0.525588165,,feature_74,1.08,1.11,2.65,0.53
feature_75,1.088622131,1.1047,2.682965,0.527057717,,feature_75,1.09,1.1,2.68,0.53
feature_76,1.094727256,1.1161,2.670652,0.528926319,,feature_76,1.09,1.12,2.67,0.53
feature_77,1.102037894,1.1243,2.659589,0.531142656,,feature_77,1.1,1.12,2.66,0.53
feature_78,1.107528933,1.1347,2.699253,0.531563717,,feature_78,1.11,1.13,2.7,0.53
feature_79,1.114386397,1.1473,2.750489,0.533104358,,feature_79,1.11,1.15,2.75,0.53
feature_80,1.122051259,1.1505,2.78875,0.535698468,,feature_80,1.12,1.15,2.79,0.54
feature_81,1.130499608,1.1542,2.75469,0.538367746,,feature_81,1.13,1.15,2.75,0.54
feature_82,1.139979916,1.1742,2.78998,0.54122018,,feature_82,1.14,1.17,2.79,0.54
feature_83,1.148381944,1.1794,2.77772,0.542903994,,feature_83,1.15,1.18,2.78,0.54
feature_84,1.157016182,1.1889,2.78617,0.545232727,,feature_84,1.16,1.19,2.79,0.55
feature_85,1.167496895,1.2026,2.83704,0.548732792,,feature_85,1.17,1.2,2.84,0.55
feature_86,1.176983455,1.2192,2.89578,0.551296102,,feature_86,1.18,1.22,2.9,0.55
feature_87,1.18603042,1.2303,2.92011,0.55288523,,feature_87,1.19,1.23,2.92,0.55
feature_88,1.197403133,1.2445,2.92719,0.557055278,,feature_88,1.2,1.24,2.93,0.56
feature_89,1.209724643,1.2623,2.94607,0.561024673,,feature_89,1.21,1.26,2.95,0.56
feature_90,1.221383217,1.2814,2.97367,0.564748759,,feature_90,1.22,1.28,2.97,0.56
feature_91,1.23468035,1.3032,2.99497,0.569040661,,feature_91,1.23,1.3,2.99,0.57
feature_92,1.247880224,1.325,3.01528,0.573121741,,feature_92,1.25,1.33,3.02,0.57
feature_93,1.260685678,1.3397,3.04724,0.577143316,,feature_93,1.26,1.34,3.05,0.58
feature_94,1.266678797,1.3605,3.03725,0.574887904,,feature_94,1.27,1.36,3.04,0.57
feature_95,1.278369552,1.3815,3.1447,0.57853737,,feature_95,1.28,1.38,3.14,0.58
feature_96,1.291856853,1.4016,3.17737,0.583054988,,feature_96,1.29,1.4,3.18,0.58
feature_97,1.302949566,1.4121,3.24698,0.585699162,,feature_97,1.3,1.41,3.25,0.59
feature_98,1.315949091,1.4101,3.2793,0.590024466,,feature_98,1.32,1.41,3.28,0.59
feature_99,1.329038378,1.4344,3.31394,0.594389845,,feature_99,1.33,1.43,3.31,0.59
feature_100,1.34150772,1.4576,3.39117,0.59820343,,feature_100,1.34,1.46,3.39,0.6
feature_101,1.354775399,1.4701,3.455,0.602321426,,feature_101,1.35,1.47,3.46,0.6
feature_102,1.368128923,1.489,3.52688,0.606857142,,feature_102,1.37,1.49,3.53,0.61
feature_103,1.380005231,1.5048,3.61003,0.611288281,,feature_103,1.38,1.5,3.61,0.61
feature_104,1.393426448,1.5257,3.69944,0.616406009,,feature_104,1.39,1.53,3.7,0.62
feature_105,1.404905916,1.547,3.74019,0.620472288,,feature_105,1.4,1.55,3.74,0.62
feature_106,1.416010629,1.5498,3.72741,0.624314371,,feature_106,1.42,1.55,3.73,0.62
feature_107,1.428514657,1.5652,3.79895,0.62995756,,feature_107,1.43,1.57,3.8,0.63
feature_108,1.440600056,1.5796,3.9187,0.635678846,,feature_108,1.44,1.58,3.92,0.64
feature_109,1.45205572,1.5973,4.04831,0.640215571,,feature_109,1.45,1.6,4.05,0.64
feature_110,1.462642322,1.6155,4.23757,0.645492824,,feature_110,1.46,1.62,4.24,0.65
feature_111,1.472927301,1.6276,4.35331,0.651214908,,feature_111,1.47,1.63,4.35,0.65
feature_112,1.481527497,1.6367,4.46291,0.654042511,,feature_112,1.48,1.64,4.46,0.65
feature_113,1.490704643,1.6555,4.41363,0.658044536,,feature_113,1.49,1.66,4.41,0.66
feature_114,1.497681678,1.6694,4.43853,0.659732215,,feature_114,1.5,1.67,4.44,0.66
feature_115,1.504058336,1.6667,4.42781,0.662152901,,feature_115,1.5,1.67,4.43,0.66
feature_116,1.510935007,1.6678,4.44417,0.665549813,,feature_116,1.51,1.67,4.44,0.67
feature_117,1.516821972,1.6701,4.75518,0.670898897,,feature_117,1.52,1.67,4.76,0.67
feature_118,1.521475455,1.6795,4.75106,0.672899747,,feature_118,1.52,1.68,4.75,0.67
feature_119,1.525636154,1.6815,4.86939,0.675203375,,feature_119,1.53,1.68,4.87,0.68
feature_120,1.529371287,1.6887,4.87762,0.676180711,,feature_120,1.53,1.69,4.88,0.68
feature_121,1.531848042,1.6861,4.79347,0.677199264,,feature_121,1.53,1.69,4.79,0.68
feature_122,1.534221902,1.6891,4.7789,0.678577565,,feature_122,1.53,1.69,4.78,0.68
feature_123,1.536753524,1.6943,5.01679,0.679574783,,feature_123,1.54,1.69,5.02,0.68
feature_124,1.538232629,1.6918,4.84485,0.678943788,,feature_124,1.54,1.69,4.84,0.68
feature_125,1.538798378,1.6983,4.95084,0.679260282,,feature_125,1.54,1.7,4.95,0.68
feature_126,1.539756615,1.7026,4.92121,0.679444773,,feature_126,1.54,1.7,4.92,0.68
feature_127,1.540074993,1.7122,5.10342,0.681648706,,feature_127,1.54,1.71,5.1,0.68
feature_128,1.538229147,1.7082,5.09395,0.679340512,,feature_128,1.54,1.71,5.09,0.68
feature_129,1.536197441,1.7003,4.96903,0.677101001,,feature_129,1.54,1.7,4.97,0.68
feature_130,1.532783776,1.7036,4.91711,0.675642283,,feature_130,1.53,1.7,4.92,0.68
feature_131,1.529147692,1.6986,4.9566,0.674838771,,feature_131,1.53,1.7,4.96,0.67
feature_132,1.52527386,1.6923,4.83097,0.671145125,,feature_132,1.53,1.69,4.83,0.67
feature_133,1.521276797,1.6838,4.71738,0.668831181,,feature_133,1.52,1.68,4.72,0.67
feature_134,1.516814224,1.6759,4.84655,0.667567683,,feature_134,1.52,1.68,4.85,0.67
feature_135,1.512042811,1.6774,4.80618,0.664530112,,feature_135,1.51,1.68,4.81,0.66
feature_136,1.50699979,1.6667,4.74189,0.660829373,,feature_136,1.51,1.67,4.74,0.66
feature_137,1.500833608,1.6544,4.62753,0.6562582,,feature_137,1.5,1.65,4.63,0.66
feature_138,1.495113441,1.6428,4.53279,0.652580542,,feature_138,1.5,1.64,4.53,0.65
feature_139,1.490144462,1.6436,4.47749,0.649967918,,feature_139,1.49,1.64,4.48,0.65
feature_140,1.484856503,1.6312,4.53124,0.647200548,,feature_140,1.48,1.63,4.53,0.65
feature_141,1.479958378,1.6188,4.53239,0.644211586,,feature_141,1.48,1.62,4.53,0.64
feature_142,1.475540392,1.6055,4.73973,0.643253233,,feature_142,1.48,1.61,4.74,0.64
feature_143,1.470757846,1.5929,4.5986,0.639744333,,feature_143,1.47,1.59,4.6,0.64
feature_144,1.46618042,1.5805,4.84883,0.638650701,,feature_144,1.47,1.58,4.85,0.64
feature_145,1.46260351,1.5684,4.73847,0.636442334,,feature_145,1.46,1.57,4.74,0.64
feature_146,1.458468308,1.5609,4.50461,0.631945903,,feature_146,1.46,1.56,4.5,0.63
feature_147,1.455204545,1.5575,4.50484,0.630197954,,feature_147,1.46,1.56,4.5,0.63
feature_148,1.452948909,1.5545,4.36681,0.62871256,,feature_148,1.45,1.55,4.37,0.63
feature_149,1.450187189,1.5557,4.36323,0.627203922,,feature_149,1.45,1.56,4.36,0.63
feature_150,1.448586406,1.5509,4.39323,0.626498587,,feature_150,1.45,1.55,4.39,0.63
feature_151,1.447534336,1.5527,4.44283,0.62617776,,feature_151,1.45,1.55,4.44,0.63
feature_152,1.446935133,1.5516,4.25771,0.624817576,,feature_152,1.45,1.55,4.26,0.62
feature_153,1.446474825,1.556,4.26574,0.62358651,,feature_153,1.45,1.56,4.27,0.62
feature_154,1.44599972,1.5539,4.20272,0.621963625,,feature_154,1.45,1.55,4.2,0.62
feature_155,1.446186378,1.5574,4.10602,0.620896156,,feature_155,1.45,1.56,4.11,0.62
feature_156,1.447476657,1.5507,4.13024,0.620194066,,feature_156,1.45,1.55,4.13,0.62
feature_157,1.448335538,1.5487,4.16248,0.620468463,,feature_157,1.45,1.55,4.16,0.62
feature_158,1.450822168,1.5519,4.17243,0.620607401,,feature_158,1.45,1.55,4.17,0.62
feature_159,1.455636531,1.556,4.15806,0.621541334,,feature_159,1.46,1.56,4.16,0.62
feature_160,1.460062727,1.5631,4.10498,0.622500254,,feature_160,1.46,1.56,4.1,0.62
feature_161,1.464705273,1.5703,4.08862,0.623295047,,feature_161,1.46,1.57,4.09,0.62
feature_162,1.469927147,1.5693,4.10047,0.624617207,,feature_162,1.47,1.57,4.1,0.62
feature_163,1.475880196,1.5794,4.09276,0.625974335,,feature_163,1.48,1.58,4.09,0.63
feature_164,1.482368364,1.5897,4.10492,0.627992258,,feature_164,1.48,1.59,4.1,0.63
feature_165,1.48868151,1.6021,4.10983,0.62954272,,feature_165,1.49,1.6,4.11,0.63
feature_166,1.495715776,1.6105,4.12761,0.63099706,,feature_166,1.5,1.61,4.13,0.63
feature_167,1.503224224,1.6158,4.14557,0.632941026,,feature_167,1.5,1.62,4.15,0.63
feature_168,1.510532042,1.6301,4.20459,0.63481001,,feature_168,1.51,1.63,4.2,0.63
feature_169,1.517750825,1.6444,4.21142,0.636396041,,feature_169,1.52,1.64,4.21,0.64
feature_170,1.526136951,1.6583,4.27142,0.639212909,,feature_170,1.53,1.66,4.27,0.64
feature_171,1.53465572,1.671,4.20579,0.641453307,,feature_171,1.53,1.67,4.21,0.64
feature_172,1.543028126,1.6809,4.27621,0.645474652,,feature_172,1.54,1.68,4.28,0.65
feature_173,1.551295189,1.6866,4.26788,0.647571285,,feature_173,1.55,1.69,4.27,0.65
feature_174,1.558467399,1.7034,4.25245,0.649446104,,feature_174,1.56,1.7,4.25,0.65
feature_175,1.565589315,1.7124,4.24783,0.651692604,,feature_175,1.57,1.71,4.25,0.65
feature_176,1.572008098,1.7262,4.23889,0.653525118,,feature_176,1.57,1.73,4.24,0.65
feature_177,1.577903734,1.7303,4.28345,0.655145297,,feature_177,1.58,1.73,4.28,0.66
feature_178,1.582232503,1.7338,4.19885,0.65520311,,feature_178,1.58,1.73,4.2,0.66
feature_179,1.584978,1.7435,4.24154,0.655589453,,feature_179,1.58,1.74,4.24,0.66
feature_180,1.586742713,1.7519,4.23179,0.654733585,,feature_180,1.59,1.75,4.23,0.65
feature_181,1.586995105,1.7503,4.23875,0.653155204,,feature_181,1.59,1.75,4.24,0.65
feature_182,1.586186993,1.7486,4.20838,0.651486168,,feature_182,1.59,1.75,4.21,0.65
feature_183,1.585301273,1.7477,4.19116,0.651231223,,feature_183,1.59,1.75,4.19,0.65
feature_184,1.581786979,1.7397,4.13134,0.647896489,,feature_184,1.58,1.74,4.13,0.65
feature_185,1.575163804,1.7313,4.04459,0.643486753,,feature_185,1.58,1.73,4.04,0.64
feature_186,1.569020238,1.718,3.89862,0.639286214,,feature_186,1.57,1.72,3.9,0.64
feature_187,1.560132601,1.7053,3.8167,0.634803556,,feature_187,1.56,1.71,3.82,0.63
feature_188,1.548607203,1.6918,3.74956,0.629220018,,feature_188,1.55,1.69,3.75,0.63
feature_189,1.53434842,1.6696,3.68817,0.622063834,,feature_189,1.53,1.67,3.69,0.62
feature_190,1.519456713,1.6497,3.61361,0.615113768,,feature_190,1.52,1.65,3.61,0.62
feature_191,1.501634126,1.6291,3.54621,0.606696788,,feature_191,1.5,1.63,3.55,0.61
feature_192,1.482517986,1.599,3.47442,0.598839594,,feature_192,1.48,1.6,3.47,0.6
feature_193,1.46176772,1.5646,3.35212,0.589818616,,feature_193,1.46,1.56,3.35,0.59
feature_194,1.438459944,1.5335,3.23746,0.580059841,,feature_194,1.44,1.53,3.24,0.58
feature_195,1.414491147,1.5115,3.11729,0.570705163,,feature_195,1.41,1.51,3.12,0.57
feature_196,1.388743147,1.4746,3.03807,0.560996713,,feature_196,1.39,1.47,3.04,0.56
feature_197,1.361030923,1.4314,2.89584,0.549995848,,feature_197,1.36,1.43,2.9,0.55
feature_198,1.332348,1.3884,2.78513,0.538925888,,feature_198,1.33,1.39,2.79,0.54
feature_199,1.302921706,1.3515,2.67234,0.52828383,,feature_199,1.3,1.35,2.67,0.53
feature_200,1.271384056,1.3172,2.57842,0.516745865,,feature_200,1.27,1.32,2.58,0.52
feature_201,1.240247217,1.2739,2.47704,0.505648712,,feature_201,1.24,1.27,2.48,0.51
feature_202,1.209158587,1.228,2.39381,0.495685751,,feature_202,1.21,1.23,2.39,0.5
feature_203,1.177174769,1.1973,2.29518,0.484915146,,feature_203,1.18,1.2,2.3,0.48
feature_204,1.145165105,1.1629,2.2012,0.474449425,,feature_204,1.15,1.16,2.2,0.47
feature_205,1.113030867,1.1175,2.11409,0.464278179,,feature_205,1.11,1.12,2.11,0.46
feature_206,1.08059835,1.0869,2.02022,0.453871084,,feature_206,1.08,1.09,2.02,0.45
feature_207,1.048678671,1.0616,1.95856,0.444146725,,feature_207,1.05,1.06,1.96,0.44
feature_208,1.017308741,1.0294,1.88236,0.434894242,,feature_208,1.02,1.03,1.88,0.43
feature_209,0.985302573,0.99403,1.82395,0.425039161,,feature_209,0.99,0.99,1.82,0.43
feature_210,0.954240028,0.96155,1.7601,0.416194074,,feature_210,0.95,0.96,1.76,0.42
feature_211,0.923536853,0.92481,1.7036,0.407098263,,feature_211,0.92,0.92,1.7,0.41
feature_212,0.892359776,0.89079,1.64391,0.397217464,,feature_212,0.89,0.89,1.64,0.4
feature_213,0.86264372,0.86209,1.58364,0.388668112,,feature_213,0.86,0.86,1.58,0.39
feature_214,0.834286476,0.83148,1.52736,0.380858753,,feature_214,0.83,0.83,1.53,0.38
feature_215,0.805255021,0.80186,1.47858,0.371683208,,feature_215,0.81,0.8,1.48,0.37
feature_216,0.777556098,0.76907,1.41238,0.363553625,,feature_216,0.78,0.77,1.41,0.36
feature_217,0.749984755,0.74506,1.36409,0.35501395,,feature_217,0.75,0.75,1.36,0.36
feature_218,0.723987664,0.71799,1.31224,0.347371568,,feature_218,0.72,0.72,1.31,0.35
feature_219,0.69830421,0.6839,1.27685,0.339690113,,feature_219,0.7,0.68,1.28,0.34
feature_220,0.67320007,0.6558,1.22789,0.331776535,,feature_220,0.67,0.66,1.23,0.33
feature_221,0.649094892,0.6326,1.182232,0.323962424,,feature_221,0.65,0.63,1.18,0.32
feature_222,0.62505092,0.60727,1.140247,0.315566016,,feature_222,0.63,0.61,1.14,0.32
feature_223,0.603124839,0.57814,1.105197,0.30872364,,feature_223,0.6,0.58,1.11,0.31
feature_224,0.581321403,0.55548,1.062025,0.301416011,,feature_224,0.58,0.56,1.06,0.3
feature_225,0.560044021,0.53686,1.025566,0.293614583,,feature_225,0.56,0.54,1.03,0.29
feature_226,0.539950088,0.51341,0.997271,0.286738384,,feature_226,0.54,0.51,1,0.29
feature_227,0.520479531,0.49337,0.983734,0.279925479,,feature_227,0.52,0.49,0.98,0.28
feature_228,0.50149315,0.47463,0.957021,0.273073542,,feature_228,0.5,0.47,0.96,0.27
feature_229,0.483997852,0.45039,0.939415,0.266978645,,feature_229,0.48,0.45,0.94,0.27
feature_230,0.46660625,0.43448,0.919738,0.260491695,,feature_230,0.47,0.43,0.92,0.26
feature_231,0.450110214,0.41658,0.898265,0.254435326,,feature_231,0.45,0.42,0.9,0.25
feature_232,0.434234952,0.39908,0.872369,0.248050571,,feature_232,0.43,0.4,0.87,0.25
feature_233,0.419180357,0.3842,0.856316,0.24233408,,feature_233,0.42,0.38,0.86,0.24
feature_234,0.404781757,0.36864,0.842174,0.236887001,,feature_234,0.4,0.37,0.84,0.24
feature_235,0.390803572,0.35274,0.817507,0.231215258,,feature_235,0.39,0.35,0.82,0.23
feature_236,0.377352969,0.3418,0.813013,0.22566782,,feature_236,0.38,0.34,0.81,0.23
feature_237,0.364792171,0.32861,0.799885,0.220553813,,feature_237,0.36,0.33,0.8,0.22
feature_238,0.352473506,0.317,0.794257,0.215335152,,feature_238,0.35,0.32,0.79,0.22
feature_239,0.340591424,0.30567,0.786856,0.210068029,,feature_239,0.34,0.31,0.79,0.21
feature_240,0.329154673,0.29435,0.777111,0.205414584,,feature_240,0.33,0.29,0.78,0.21
feature_241,0.31801247,0.28435,0.748918,0.200477952,,feature_241,0.32,0.28,0.75,0.2
feature_242,0.307292564,0.27346,0.738767,0.195733357,,feature_242,0.31,0.27,0.74,0.2
feature_243,0.296488477,0.26348,0.721968,0.190679157,,feature_243,0.3,0.26,0.72,0.19
feature_244,0.286966008,0.25509,0.729157,0.186973658,,feature_244,0.29,0.26,0.73,0.19
feature_245,0.277171467,0.24376,0.7305678,0.182373852,,feature_245,0.28,0.24,0.73,0.18
feature_246,0.268015185,0.23631,0.7256716,0.178199121,,feature_246,0.27,0.24,0.73,0.18
feature_247,0.259145031,0.226,0.7205818,0.173962062,,feature_247,0.26,0.23,0.72,0.17
feature_248,0.250484111,0.21685,0.7072089,0.169810468,,feature_248,0.25,0.22,0.71,0.17
feature_249,0.242435597,0.2086,0.6874081,0.166038179,,feature_249,0.24,0.21,0.69,0.17
feature_250,0.234351194,0.20394,0.6713065,0.16244408,,feature_250,0.23,0.2,0.67,0.16
feature_251,0.226938674,0.19457,0.65781,0.159427439,,feature_251,0.23,0.19,0.66,0.16
feature_252,0.219260342,0.18859,0.6314805,0.155422504,,feature_252,0.22,0.19,0.63,0.16
feature_253,0.212013038,0.1831,0.6149215,0.152032461,,feature_253,0.21,0.18,0.61,0.15
feature_254,0.20527428,0.17649,0.60749,0.148830153,,feature_254,0.21,0.18,0.61,0.15
feature_255,0.198942527,0.16958,0.6098948,0.145735889,,feature_255,0.2,0.17,0.61,0.15
feature_256,0.192774159,0.16253,0.5886061,0.143077223,,feature_256,0.19,0.16,0.59,0.14
feature_257,0.186798062,0.15842,0.58028,0.139985852,,feature_257,0.19,0.16,0.58,0.14
feature_258,0.180795636,0.15164,0.5701713,0.136619106,,feature_258,0.18,0.15,0.57,0.14
feature_259,0.175337771,0.14761,0.57424,0.13362108,,feature_259,0.18,0.15,0.57,0.13
feature_260,0.16929881,0.14178,0.5630706,0.129954489,,feature_260,0.17,0.14,0.56,0.13
feature_261,0.164094032,0.13597,0.56164,0.12776096,,feature_261,0.16,0.14,0.56,0.13
feature_262,0.159490183,0.12987,0.5474414,0.125818987,,feature_262,0.16,0.13,0.55,0.13
feature_263,0.154565048,0.12556,0.52781,0.12299138,,feature_263,0.15,0.13,0.53,0.12
feature_264,0.150035553,0.12203,0.51058389,0.120437539,,feature_264,0.15,0.12,0.51,0.12
feature_265,0.145511438,0.11692,0.49145,0.117832024,,feature_265,0.15,0.12,0.49,0.12
feature_266,0.140884514,0.1104,0.47567,0.115218818,,feature_266,0.14,0.11,0.48,0.12
feature_267,0.136898925,0.10822,0.48224,0.112985292,,feature_267,0.14,0.11,0.48,0.11
feature_268,0.132821183,0.10348,0.49077,0.11113762,,feature_268,0.13,0.1,0.49,0.11
feature_269,0.128900054,0.098981,0.4714,0.10846395,,feature_269,0.13,0.1,0.47,0.11
feature_270,0.125299233,0.09756,0.49208,0.106385574,,feature_270,0.13,0.1,0.49,0.11
feature_271,0.121461624,0.092354,0.48293,0.10397664,,feature_271,0.12,0.09,0.48,0.1
feature_272,0.117989489,0.089676,0.48381,0.102071329,,feature_272,0.12,0.09,0.48,0.1
feature_273,0.114272921,0.087831,0.46083,0.099587533,,feature_273,0.11,0.09,0.46,0.1
feature_274,0.11090103,0.083438,0.4512,0.097221187,,feature_274,0.11,0.08,0.45,0.1
feature_275,0.107612747,0.080791,0.44878,0.094926986,,feature_275,0.11,0.08,0.45,0.09
feature_276,0.104404249,0.077426,0.45077,0.092952618,,feature_276,0.1,0.08,0.45,0.09
feature_277,0.101249021,0.075187,0.43648,0.090649684,,feature_277,0.1,0.08,0.44,0.09
feature_278,0.097996638,0.071901,0.43671,0.088646898,,feature_278,0.1,0.07,0.44,0.09
feature_279,0.095049712,0.067132,0.4307,0.08658862,,feature_279,0.1,0.07,0.43,0.09
feature_280,0.092007375,0.065836,0.41221,0.084151148,,feature_280,0.09,0.07,0.41,0.08
feature_281,0.089478654,0.063971,0.39721,0.082460153,,feature_281,0.09,0.06,0.4,0.08
feature_282,0.086473607,0.061386,0.38766,0.08013701,,feature_282,0.09,0.06,0.39,0.08
feature_283,0.083646576,0.057533,0.37663,0.078130406,,feature_283,0.08,0.06,0.38,0.08
feature_284,0.081147852,0.055009,0.362,0.076294201,,feature_284,0.08,0.06,0.36,0.08
feature_285,0.078679052,0.053502,0.36109,0.074411232,,feature_285,0.08,0.05,0.36,0.07
feature_286,0.076584978,0.050724,0.35376,0.072520883,,feature_286,0.08,0.05,0.35,0.07
feature_287,0.074314844,0.048786,0.34276,0.070643478,,feature_287,0.07,0.05,0.34,0.07
feature_288,0.072290277,0.047689,0.33456,0.069034195,,feature_288,0.07,0.05,0.33,0.07
feature_289,0.070406476,0.046541,0.33337,0.067782183,,feature_289,0.07,0.05,0.33,0.07
feature_290,0.068198425,0.044765,0.3327,0.065850859,,feature_290,0.07,0.04,0.33,0.07
feature_291,0.065625896,0.043354,0.32738,0.063464368,,feature_291,0.07,0.04,0.33,0.06
feature_292,0.063587064,0.042403,0.33184,0.062071223,,feature_292,0.06,0.04,0.33,0.06
feature_293,0.061502575,0.039018,0.33353,0.060501465,,feature_293,0.06,0.04,0.33,0.06
feature_294,0.059637407,0.038528,0.31949,0.059038292,,feature_294,0.06,0.04,0.32,0.06
feature_295,0.057851603,0.037755,0.31173,0.057411393,,feature_295,0.06,0.04,0.31,0.06
feature_296,0.056150692,0.03485,0.31117,0.056100434,,feature_296,0.06,0.03,0.31,0.06
feature_297,0.054489728,0.034767,0.30314,0.054373483,,feature_297,0.05,0.03,0.3,0.05
feature_298,0.05289609,0.033751,0.28017,0.052965865,,feature_298,0.05,0.03,0.28,0.05
feature_299,0.051576659,0.03127,0.27165,0.051990629,,feature_299,0.05,0.03,0.27,0.05
feature_300,0.050130602,0.030582,0.27201,0.050682303,,feature_300,0.05,0.03,0.27,0.05
feature_301,0.048703719,0.029876,0.27122,0.04934519,,feature_301,0.05,0.03,0.27,0.05
feature_302,0.047242049,0.028584,0.2564,0.047723451,,feature_302,0.05,0.03,0.26,0.05
feature_303,0.046105846,0.027632,0.25388,0.046889993,,feature_303,0.05,0.03,0.25,0.05
feature_304,0.044786905,0.027458,0.256,0.045762374,,feature_304,0.04,0.03,0.26,0.05
feature_305,0.043547417,0.025383,0.25756,0.04456243,,feature_305,0.04,0.03,0.26,0.04
feature_306,0.0425862,0.025676,0.25771,0.043706184,,feature_306,0.04,0.03,0.26,0.04
feature_307,0.041521978,0.025246,0.24149,0.042488541,,feature_307,0.04,0.03,0.24,0.04
feature_308,0.04065968,0.024432,0.23573,0.041476563,,feature_308,0.04,0.02,0.24,0.04
feature_309,0.039899487,0.024332,0.23335,0.040559529,,feature_309,0.04,0.02,0.23,0.04
feature_310,0.038922471,0.024816,0.22925,0.039479885,,feature_310,0.04,0.02,0.23,0.04
feature_311,0.038443833,0.024175,0.22718,0.038860687,,feature_311,0.04,0.02,0.23,0.04
feature_312,0.037931266,0.024351,0.22128,0.038068544,,feature_312,0.04,0.02,0.22,0.04
feature_313,0.036846624,0.023431,0.21482,0.036959344,,feature_313,0.04,0.02,0.21,0.04
feature_314,0.036019537,0.023978,0.20683,0.035610727,,feature_314,0.04,0.02,0.21,0.04
feature_315,0.035292179,0.023525,0.2112,0.034833663,,feature_315,0.04,0.02,0.21,0.03
feature_316,0.034603313,0.023091,0.20819,0.034256,,feature_316,0.03,0.02,0.21,0.03
feature_317,0.03367034,0.022674,0.20655,0.033268179,,feature_317,0.03,0.02,0.21,0.03
feature_318,0.033084887,0.022863,0.20472,0.032339278,,feature_318,0.03,0.02,0.2,0.03
feature_319,0.032722286,0.022698,0.20654,0.031648269,,feature_319,0.03,0.02,0.21,0.03
feature_320,0.03249488,0.023176,0.20982,0.031229915,,feature_320,0.03,0.02,0.21,0.03
feature_321,0.032045437,0.022787,0.21684,0.030412569,,feature_321,0.03,0.02,0.22,0.03
feature_322,0.031925717,0.022408,0.2159,0.030041476,,feature_322,0.03,0.02,0.22,0.03
feature_323,0.031858781,0.023109,0.19782,0.029546182,,feature_323,0.03,0.02,0.2,0.03
feature_324,0.031800213,0.023108,0.20658,0.029194632,,feature_324,0.03,0.02,0.21,0.03
feature_325,0.031876538,0.022935,0.2045,0.028655144,,feature_325,0.03,0.02,0.2,0.03
feature_326,0.031983337,0.022893,0.217,0.028576434,,feature_326,0.03,0.02,0.22,0.03
feature_327,0.031874623,0.023143,0.21089,0.028103294,,feature_327,0.03,0.02,0.21,0.03
feature_328,0.031837637,0.023754,0.20296,0.027692608,,feature_328,0.03,0.02,0.2,0.03
feature_329,0.032073289,0.024481,0.20224,0.027408016,,feature_329,0.03,0.02,0.2,0.03
feature_330,0.032331475,0.024653,0.20354,0.02719697,,feature_330,0.03,0.02,0.2,0.03
feature_331,0.032689709,0.02448,0.19977,0.027148496,,feature_331,0.03,0.02,0.2,0.03
feature_332,0.032785163,0.025075,0.19514,0.02669504,,feature_332,0.03,0.03,0.2,0.03
feature_333,0.033091689,0.025475,0.20756,0.026829487,,feature_333,0.03,0.03,0.21,0.03
feature_334,0.033016367,0.025597,0.20856,0.026645089,,feature_334,0.03,0.03,0.21,0.03
feature_335,0.033124883,0.026363,0.19875,0.02616009,,feature_335,0.03,0.03,0.2,0.03
feature_336,0.033267135,0.026734,0.19859,0.025910464,,feature_336,0.03,0.03,0.2,0.03
feature_337,0.033325879,0.027484,0.2122,0.025594771,,feature_337,0.03,0.03,0.21,0.03
feature_338,0.033301508,0.027753,0.20297,0.025267681,,feature_338,0.03,0.03,0.2,0.03
feature_339,0.033581319,0.027962,0.20251,0.025009143,,feature_339,0.03,0.03,0.2,0.03
feature_340,0.033792939,0.028095,0.20779256,0.024963133,,feature_340,0.03,0.03,0.21,0.02
feature_341,0.034072718,0.028644,0.20443,0.024994868,,feature_341,0.03,0.03,0.2,0.02
feature_342,0.034603365,0.029541,0.2089,0.025067995,,feature_342,0.03,0.03,0.21,0.03
feature_343,0.03509974,0.0297,0.20054256,0.025427843,,feature_343,0.04,0.03,0.2,0.03
feature_344,0.035300596,0.030103,0.18926,0.025362067,,feature_344,0.04,0.03,0.19,0.03
feature_345,0.035662985,0.02981,0.18952,0.025394898,,feature_345,0.04,0.03,0.19,0.03
feature_346,0.036263676,0.030453,0.20465,0.025688789,,feature_346,0.04,0.03,0.2,0.03
feature_347,0.036729258,0.031563,0.208140712,0.025840007,,feature_347,0.04,0.03,0.21,0.03
feature_348,0.036961906,0.032143,0.21275,0.025763307,,feature_348,0.04,0.03,0.21,0.03
feature_349,0.037270995,0.032749,0.1965521,0.025730888,,feature_349,0.04,0.03,0.2,0.03
feature_350,0.037750975,0.033221,0.19974198,0.025867939,,feature_350,0.04,0.03,0.2,0.03
feature_351,0.037676716,0.032912,0.1980266,0.025756631,,feature_351,0.04,0.03,0.2,0.03
feature_352,0.03774553,0.033035,0.1933,0.025614436,,feature_352,0.04,0.03,0.19,0.03
feature_353,0.037562199,0.03304,0.17836,0.025352786,,feature_353,0.04,0.03,0.18,0.03
feature_354,0.037633369,0.032936,0.18157572,0.025461734,,feature_354,0.04,0.03,0.18,0.03
feature_355,0.037605863,0.033494,0.17462,0.025147967,,feature_355,0.04,0.03,0.17,0.03
feature_356,0.037849047,0.033837,0.17867943,0.025167801,,feature_356,0.04,0.03,0.18,0.03
feature_357,0.038154542,0.033824,0.17762,0.025222728,,feature_357,0.04,0.03,0.18,0.03
feature_358,0.038152902,0.034432,0.17855,0.025086148,,feature_358,0.04,0.03,0.18,0.03
feature_359,0.038217794,0.034164,0.18625,0.024953456,,feature_359,0.04,0.03,0.19,0.02
feature_360,0.038199877,0.034304,0.18784,0.025110861,,feature_360,0.04,0.03,0.19,0.03
feature_361,0.038311778,0.033513,0.19123,0.025622916,,feature_361,0.04,0.03,0.19,0.03
feature_362,0.038385115,0.03312,0.19471,0.025700801,,feature_362,0.04,0.03,0.19,0.03
feature_363,0.038845924,0.034041,0.19515,0.025798747,,feature_363,0.04,0.03,0.2,0.03
feature_364,0.039099526,0.034501,0.20156447,0.026069803,,feature_364,0.04,0.03,0.2,0.03
feature_365,0.039210643,0.034436,0.20726,0.026508421,,feature_365,0.04,0.03,0.21,0.03
feature_366,0.03943337,0.034609,0.20844,0.026889596,,feature_366,0.04,0.03,0.21,0.03
feature_367,0.039991426,0.034566,0.21517,0.027244634,,feature_367,0.04,0.03,0.22,0.03
feature_368,0.040268944,0.035099,0.21560049,0.02746955,,feature_368,0.04,0.04,0.22,0.03
feature_369,0.040427803,0.035366,0.2198,0.027867504,,feature_369,0.04,0.04,0.22,0.03
feature_370,0.040636576,0.034791,0.21193,0.028131812,,feature_370,0.04,0.03,0.21,0.03
feature_371,0.040745615,0.035384,0.22075,0.028600451,,feature_371,0.04,0.04,0.22,0.03
feature_372,0.040708762,0.034831,0.22372,0.028980202,,feature_372,0.04,0.03,0.22,0.03
feature_373,0.040942081,0.035338,0.22002,0.029159862,,feature_373,0.04,0.04,0.22,0.03
feature_374,0.041158927,0.035258,0.222,0.029632124,,feature_374,0.04,0.04,0.22,0.03
feature_375,0.041393476,0.035068,0.22467,0.030107555,,feature_375,0.04,0.04,0.22,0.03
feature_376,0.041580309,0.034764,0.22709,0.030489429,,feature_376,0.04,0.03,0.23,0.03
feature_377,0.041821393,0.035001,0.23039,0.031051631,,feature_377,0.04,0.04,0.23,0.03
feature_378,0.042077463,0.035279,0.23509,0.031275248,,feature_378,0.04,0.04,0.24,0.03
feature_379,0.042480745,0.034868,0.2347,0.03195139,,feature_379,0.04,0.03,0.23,0.03
feature_380,0.042837894,0.034818,0.23128,0.032477857,,feature_380,0.04,0.03,0.23,0.03
feature_381,0.043022798,0.035467,0.23111,0.033325729,,feature_381,0.04,0.04,0.23,0.03
feature_382,0.044010987,0.036905,0.23457,0.03368462,,feature_382,0.04,0.04,0.23,0.03
feature_383,0.044477789,0.036682,0.23686,0.034178373,,feature_383,0.04,0.04,0.24,0.03
feature_384,0.044856293,0.037133,0.24132,0.034431172,,feature_384,0.04,0.04,0.24,0.03
feature_385,0.045299862,0.037071,0.23473,0.034549824,,feature_385,0.05,0.04,0.23,0.03
feature_386,0.045602942,0.037798,0.23251,0.035108701,,feature_386,0.05,0.04,0.23,0.04
feature_387,0.045733471,0.036784,0.24049,0.035740169,,feature_387,0.05,0.04,0.24,0.04
feature_388,0.046185,0.037021,0.24002,0.03609322,,feature_388,0.05,0.04,0.24,0.04
feature_389,0.046603924,0.038143,0.24068,0.036710704,,feature_389,0.05,0.04,0.24,0.04
feature_390,0.047126705,0.038464,0.24389,0.037050448,,feature_390,0.05,0.04,0.24,0.04
feature_391,0.047756925,0.039875,0.24628,0.037635426,,feature_391,0.05,0.04,0.25,0.04
feature_392,0.048278043,0.04027,0.248,0.038147843,,feature_392,0.05,0.04,0.25,0.04
feature_393,0.048869036,0.041038,0.24146,0.038788656,,feature_393,0.05,0.04,0.24,0.04
feature_394,0.049772284,0.041921,0.24209,0.038996687,,feature_394,0.05,0.04,0.24,0.04
feature_395,0.050144214,0.040884,0.242,0.039720775,,feature_395,0.05,0.04,0.24,0.04
feature_396,0.050194034,0.040425,0.23402,0.040148615,,feature_396,0.05,0.04,0.23,0.04
feature_397,0.05035936,0.040741,0.23845,0.040460897,,feature_397,0.05,0.04,0.24,0.04
feature_398,0.050822342,0.040293,0.23737,0.040782184,,feature_398,0.05,0.04,0.24,0.04
feature_399,0.051280787,0.042174,0.24705,0.040775658,,feature_399,0.05,0.04,0.25,0.04
feature_400,0.051762999,0.041359,0.24169,0.041174837,,feature_400,0.05,0.04,0.24,0.04
feature_401,0.052584071,0.042865,0.24765,0.041691585,,feature_401,0.05,0.04,0.25,0.04
feature_402,0.053446776,0.043543,0.25273,0.041901552,,feature_402,0.05,0.04,0.25,0.04
feature_403,0.054120167,0.04432,0.2541,0.041972146,,feature_403,0.05,0.04,0.25,0.04
feature_404,0.054580844,0.043696,0.25476,0.042280828,,feature_404,0.05,0.04,0.25,0.04
feature_405,0.055412486,0.043919,0.248902106,0.042751869,,feature_405,0.06,0.04,0.25,0.04
feature_406,0.056339572,0.045265,0.24104,0.04276553,,feature_406,0.06,0.05,0.24,0.04
feature_407,0.056736387,0.044928,0.23827,0.043109347,,feature_407,0.06,0.04,0.24,0.04
feature_408,0.057262804,0.045057,0.25184,0.043391535,,feature_408,0.06,0.05,0.25,0.04
feature_409,0.057828888,0.046427,0.25955,0.043526047,,feature_409,0.06,0.05,0.26,0.04
feature_410,0.05889243,0.047475,0.25753,0.043276391,,feature_410,0.06,0.05,0.26,0.04
feature_411,0.058792574,0.047356,0.26862,0.043911063,,feature_411,0.06,0.05,0.27,0.04
feature_412,0.058987159,0.04893,0.28078,0.044361998,,feature_412,0.06,0.05,0.28,0.04
feature_413,0.060015335,0.049444,0.31782,0.044935644,,feature_413,0.06,0.05,0.32,0.04
feature_414,0.060223712,0.049719,0.33564,0.045670585,,feature_414,0.06,0.05,0.34,0.05
feature_415,0.060583095,0.05093,0.33581,0.046306511,,feature_415,0.06,0.05,0.34,0.05
feature_416,0.062025551,0.052705,0.36406,0.046623902,,feature_416,0.06,0.05,0.36,0.05
feature_417,0.06316018,0.052373,0.338756057,0.046955795,,feature_417,0.06,0.05,0.34,0.05
feature_418,0.064457239,0.0542,0.33595,0.046689825,,feature_418,0.06,0.05,0.34,0.05
feature_419,0.064645423,0.055635,0.29478,0.046887619,,feature_419,0.06,0.06,0.29,0.05
feature_420,0.06485338,0.0544,0.29216,0.047547329,,feature_420,0.06,0.05,0.29,0.05
feature_421,0.065622105,0.055159,0.28484,0.047306652,,feature_421,0.07,0.06,0.28,0.05
feature_422,0.065772118,0.056591,0.28996,0.048314518,,feature_422,0.07,0.06,0.29,0.05
feature_423,0.066135901,0.058424,0.29395,0.049139695,,feature_423,0.07,0.06,0.29,0.05
feature_424,0.067495261,0.059236,0.30268,0.049631273,,feature_424,0.07,0.06,0.3,0.05
feature_425,0.069739129,0.062481,0.32983,0.050289829,,feature_425,0.07,0.06,0.33,0.05
feature_426,0.071131998,0.064707,0.2767,0.050494549,,feature_426,0.07,0.06,0.28,0.05
feature_427,0.071970283,0.065623,0.28151,0.051598349,,feature_427,0.07,0.07,0.28,0.05
feature_428,0.07304238,0.066756,0.31446,0.054075678,,feature_428,0.07,0.07,0.31,0.05
feature_429,0.075101216,0.068704,0.32868,0.05550384,,feature_429,0.08,0.07,0.33,0.06
feature_430,0.076387195,0.068724,0.33589,0.056484257,,feature_430,0.08,0.07,0.34,0.06
feature_431,0.077218599,0.068921,0.34651,0.05775935,,feature_431,0.08,0.07,0.35,0.06
feature_432,0.077726583,0.06971,0.44173,0.059625016,,feature_432,0.08,0.07,0.44,0.06
feature_433,0.078881866,0.072949,0.50764,0.061985064,,feature_433,0.08,0.07,0.51,0.06
label,,,,,,label,0,0,0,0
